first_name,gender,birthday,email,profile_link,categories
Nicole1,male,07/22/1945,cooperkyle@example.org,http://www.walsh.net/categorylogin.php,"Software company,Clinic,Photographer,Digital creator,Publisher,Dentist,Video creator,Science and tech,DJ,Property,Pet Store,Cause,Graphic Designer,Hospital"
John2,male,06/17/1975,steventhompson@example.com,https://riggs.com/category/blog/tagfaq.html,"Musician/Band,Cause,Dentist,Photographer,Entertainer,Institute,Pet Store,DJ"
Elizabeth3,female,10/15/1944,tiffanypatterson@example.org,http://www.bradley.com/category/listindex.jsp,"Artist,Politician,DJ,Video creator,Publisher,Event Planner,Entertainer,Pet Store,Hospital,Gaming,Property"
George4,female,08/01/2011,lharper@example.org,http://hughes-cannon.com/search/tags/apppost.htm,"Cause,Photographer,Software company,Video creator,Property,Artist,Institute"
Charles5,female,09/29/1917,nschroeder@example.org,http://day.com/postscategory.php,"Musician/Band,Government organisation,Photographer,Cause,Video creator,Dentist,Digital creator,Software company,Institute,Property,Clinic"
Douglas6,male,02/26/1935,tsmith@example.com,http://ross.com/blog/searchhomepage.asp,"Government organisation,Cause,Entertainer,Photographer,Science and tech,Politician,Dentist,Clinic,Event Planner,Publisher,Musician/Band,Software company,Institute,Doctor,Video creator,Gaming,DJ"
Carolyn7,female,10/29/1941,daniel76@example.org,https://www.nguyen.com/blog/postslogin.asp,"Entertainer,Science and tech,Photographer,Hospital,Doctor,Publisher,Digital creator,Musician/Band,Pet Store,Artist,Software company,DJ,Gaming,Cause,Government organisation,Video creator,Clinic,Graphic Designer,Dentist,Politician"
Brian8,male,07/10/1913,carrie75@example.com,https://brewer.com/postsmain.htm,"Software company,Doctor,Gaming,Government organisation,Digital creator"
Troy9,male,01/12/1940,simmonsdanny@example.net,http://www.peck-thomas.com/exploresearch.php,"Clinic,Politician,Event Planner,Cause,Artist,Property,Pet Store,Musician/Band,Gaming,Institute,Photographer,Science and tech"
Corey10,male,03/14/1970,lopezchristopher@example.org,http://snyder-fields.biz/bloghome.html,"Politician,DJ,Pet Store,Government organisation,Doctor,Artist,Cause,Event Planner,Graphic Designer,Science and tech,Property,Clinic,Video creator"
Amy11,male,02/16/1964,nfrank@example.org,http://duncan-keith.com/wp-content/blogfaq.html,"Clinic,Graphic Designer,Software company,Artist,Publisher,Institute,Hospital,Photographer,Property,Digital creator,Cause"
Andrew12,male,03/16/2004,mclaughlinbruce@example.net,http://www.collins-perez.com/categoriesindex.html,"DJ,Government organisation,Graphic Designer,Science and tech,Cause,Hospital,Gaming,Musician/Band,Video creator,Doctor"
Alison13,male,11/23/1974,webersara@example.com,http://www.kennedy.com/categoriessearch.html,"Clinic,Hospital,Science and tech,Artist,DJ,Photographer,Publisher,Cause,Digital creator,Event Planner,Software company,Musician/Band,Dentist,Institute,Politician,Property,Government organisation,Graphic Designer,Video creator,Pet Store"
Meghan14,female,02/26/1917,gibsonandrew@example.com,https://www.mcclure.com/tagterms.htm,"Doctor,Entertainer,Photographer,Cause,Property"
David15,male,04/25/1915,samanthaalexander@example.net,http://www.reynolds.com/searchregister.htm,"Graphic Designer,Institute,Politician,Property,Photographer,Publisher"
Vincent16,female,12/16/2018,halldavid@example.com,http://rios-browning.com/list/search/taglogin.html,"Institute,Dentist,Graphic Designer,Doctor,Publisher,Artist,Cause,Hospital,Science and tech,Pet Store,Gaming,Government organisation,Digital creator,Video creator,Event Planner,Software company,Property"
Jonathan17,male,05/02/1967,hallmatthew@example.com,https://donovan.com/app/explore/listsearch.asp,"Dentist,Digital creator,Pet Store,Video creator,Clinic,Graphic Designer,Software company,Entertainer,Musician/Band,Government organisation,Property,Publisher,Gaming"
Jennifer18,male,04/07/1977,justin90@example.com,https://www.carlson.com/blogindex.html,"Hospital,Software company,Institute,Government organisation,Event Planner,Cause,Artist,Clinic,Publisher"
Sandra19,female,07/12/2017,owenbrett@example.com,http://baker-herring.com/wp-contentauthor.html,"Entertainer,Government organisation,Artist,Hospital,Property,Digital creator,Politician,Photographer,Science and tech,Dentist,Institute"
Jonathan20,male,04/07/1973,kimberlyjones@example.net,http://ball.org/category/tags/postsmain.html,"Doctor,Gaming,Pet Store,Science and tech,DJ,Photographer,Software company,Publisher,Musician/Band,Dentist,Government organisation,Institute"
James21,male,10/06/1912,felicia26@example.org,http://www.wright.com/list/main/searchlogin.htm,"Digital creator,Entertainer,Graphic Designer,Science and tech,Video creator,Politician,Photographer,Clinic,Software company,Cause,Publisher,Property"
Bonnie22,male,10/25/1917,patrickhenderson@example.org,http://eaton.com/tag/tags/listindex.php,"Science and tech,Entertainer,Property,Event Planner,Dentist,Pet Store,Artist,Publisher,Gaming,Hospital,Doctor,Software company,Graphic Designer"
Elizabeth23,female,07/01/2007,evansdonald@example.com,http://www.perry-lawrence.com/blog/tag/wp-contentindex.htm,"Dentist,Artist,Gaming,Entertainer,Clinic,Musician/Band,Cause,Event Planner,Graphic Designer,Photographer,Hospital,DJ,Science and tech,Software company,Property,Digital creator"
Tony24,female,04/07/1948,thomas12@example.org,https://www.oconnor-johnston.org/wp-contentmain.asp,"Doctor,Gaming,Publisher,Government organisation,Software company,Entertainer,Property,Digital creator,Photographer,Video creator,Hospital,Event Planner,Science and tech,Musician/Band,Institute"
Leslie25,male,01/18/1964,vanessa81@example.net,http://www.munoz.org/explore/blog/appauthor.html,"Science and tech,Publisher,Doctor,DJ,Musician/Band,Government organisation,Property,Hospital,Event Planner,Software company,Artist,Graphic Designer,Pet Store,Gaming,Digital creator,Clinic,Politician,Cause"
Anna26,male,04/25/2015,colemanaustin@example.com,http://www.gross.org/list/list/listhome.html,"Software company,Government organisation,Institute,Musician/Band,Hospital,Pet Store,Publisher,Photographer,Graphic Designer,Clinic,Science and tech,Cause,Doctor,Digital creator,Gaming,Artist,Property,Politician,DJ,Event Planner"
David27,female,02/11/1913,jaredhoward@example.net,https://wilson.com/list/wp-contentindex.jsp,"Event Planner,Musician/Band,Software company,Dentist,Doctor,DJ,Hospital,Politician,Entertainer,Pet Store"
Peter28,male,05/20/1989,jennafrazier@example.org,https://www.bean-gross.biz/list/taghomepage.html,"Cause,Software company,Politician,Dentist,Pet Store,Musician/Band,Doctor,Gaming,Science and tech,Digital creator,Publisher,Photographer,Graphic Designer,Entertainer,Institute,Artist"
Denise29,female,09/24/1973,ohanson@example.com,http://stevens.com/tagauthor.htm,"Video creator,Musician/Band,Event Planner,Software company,Property,Doctor,Photographer,Gaming,Science and tech,Graphic Designer,Institute,Pet Store,Publisher,Entertainer,DJ,Clinic,Government organisation"
Cody30,male,04/12/1972,mosleylucas@example.com,https://www.jensen-coleman.com/tags/tagauthor.php,"Dentist,Entertainer,Institute,Digital creator,Cause,Artist,Musician/Band"
Courtney31,male,11/16/1937,wesley36@example.com,https://wilson.org/tag/blog/searchcategory.htm,"Hospital,Clinic,Event Planner,Musician/Band,Government organisation,Cause,Digital creator,Doctor,Graphic Designer,Politician,Dentist"
Laura32,female,09/30/1944,emorales@example.net,http://www.edwards.org/tagsprivacy.htm,"Science and tech,Doctor,Politician,Event Planner,Government organisation,Video creator,Cause,Clinic,Entertainer,Software company,Hospital,Publisher,Artist,Institute,DJ,Musician/Band,Digital creator"
Kimberly33,male,10/20/1957,qbriggs@example.net,https://www.davis.com/main/listlogin.html,"Dentist,Cause,Institute,Video creator,Graphic Designer,Doctor,Government organisation,Event Planner,Entertainer,DJ,Publisher,Software company,Politician,Science and tech,Gaming"
Allison34,male,02/29/1952,martinjacob@example.com,http://williams.com/tag/postssearch.html,"Publisher,Doctor,Science and tech,Pet Store,Gaming,Entertainer,Photographer,Cause,Musician/Band,Dentist,Digital creator,Video creator"
Taylor35,male,03/02/2021,bradshawpatricia@example.org,https://www.bentley.info/blogauthor.html,"Entertainer,Politician,Event Planner,Hospital,Artist,Clinic,Cause,Science and tech,Gaming,Publisher,Pet Store,Video creator,Photographer,DJ"
Danielle36,male,12/18/2010,oliviasmith@example.com,http://fuentes-vaughan.com/category/searchcategory.htm,"Photographer,Property,Digital creator,Dentist,Hospital,Publisher,Politician,Gaming,Software company,Entertainer,Video creator,Graphic Designer,Doctor,Musician/Band,Cause,DJ"
Brittany37,female,11/06/1920,alexissnyder@example.com,http://figueroa.org/categoryabout.htm,"Clinic,Software company,Doctor,Pet Store,Government organisation,Entertainer,Politician"
John38,female,05/03/1936,sgonzalez@example.net,https://www.huber.com/exploresearch.html,"Hospital,Graphic Designer,Software company,Event Planner,Politician,Institute,DJ,Cause,Clinic,Doctor,Artist,Publisher,Digital creator,Dentist,Property"
Kenneth39,female,07/05/1955,floresdebbie@example.org,http://henry.net/wp-content/categoriessearch.html,"Hospital,DJ,Software company,Entertainer,Institute,Event Planner,Video creator,Digital creator"
Brett40,female,06/17/1937,afritz@example.com,https://www.carter.biz/tags/wp-content/tagsearch.html,"Publisher,Property,Gaming,Event Planner,Institute,Doctor,Musician/Band,Politician,Graphic Designer,Video creator,Software company,Artist,Photographer,Government organisation,Entertainer,Science and tech,Hospital"
Jennifer41,female,01/08/1920,christophergonzalez@example.com,https://www.anderson.biz/wp-content/posts/explorefaq.php,"Clinic,Musician/Band,Graphic Designer,Software company,Dentist,Digital creator,Science and tech,Video creator"
Jamie42,female,08/29/1938,saraflores@example.com,https://www.mccarty-stevens.org/explore/blog/categorieshomepage.html,"Graphic Designer,Clinic,Event Planner,Artist,Publisher,Cause,Entertainer,Software company,DJ,Video creator,Photographer,Politician,Dentist,Property,Hospital"
Allison43,male,05/26/2015,sally18@example.org,http://www.garza-johnson.org/categoryindex.htm,"Publisher,Institute,Gaming,Science and tech,Musician/Band,Video creator,DJ,Dentist,Graphic Designer,Entertainer,Digital creator,Photographer,Government organisation,Pet Store,Politician,Doctor,Software company"
Susan44,male,08/07/2003,carlos46@example.net,http://green-pierce.com/posts/categories/explorelogin.html,"Property,Event Planner,Science and tech,Clinic,DJ,Artist,Graphic Designer,Hospital,Cause,Government organisation,Digital creator"
Whitney45,female,04/26/1938,lindseysamuel@example.com,https://aguirre.info/posts/mainindex.htm,"Photographer,Government organisation,Publisher,Artist,Dentist,Hospital,Graphic Designer,Property,Cause,Science and tech,Software company"
Michelle46,female,03/18/1992,stoutlarry@example.net,http://www.perry.com/blog/tags/searchauthor.php,"Politician,Pet Store,Graphic Designer,Publisher,Science and tech,Property,Doctor,Event Planner,Software company,Government organisation,Video creator,Clinic,Gaming,Artist"
Caitlin47,female,09/10/1965,xmurphy@example.org,http://www.morales.com/posts/wp-contentpost.htm,"Cause,DJ,Dentist,Government organisation,Institute,Software company,Publisher,Video creator"
Katie48,male,02/29/2024,tscott@example.net,https://wallace-benson.com/categories/category/apphome.jsp,"Musician/Band,Software company,Graphic Designer,Institute,Doctor,Clinic,Digital creator,Artist,Science and tech,DJ,Entertainer,Property,Cause,Pet Store,Politician,Dentist,Video creator,Photographer,Gaming,Publisher"
Samuel49,male,01/02/2010,bartlettbob@example.com,https://www.rodriguez.net/postshome.jsp,"Gaming,Politician,Publisher,Cause,DJ,Musician/Band,Photographer,Pet Store"
Anna50,male,04/02/2014,nboyd@example.org,http://www.proctor.com/mainsearch.html,"Software company,Property,Photographer,Entertainer,Gaming,Video creator,Politician,Government organisation,Graphic Designer,Event Planner"
Christian51,female,01/08/1974,thaley@example.org,http://www.johnson.com/explore/searchsearch.php,"Software company,Gaming,Entertainer,Dentist,Science and tech"
Justin52,female,06/01/1963,ryan55@example.net,https://molina.org/posts/wp-content/postsregister.htm,"Property,Government organisation,Institute,Entertainer,Doctor,Dentist,Gaming,Politician"
John53,male,02/19/2023,mackenzie95@example.org,https://www.thomas-castillo.com/wp-content/main/appsearch.php,"Dentist,Entertainer,Photographer,Software company,Video creator,Clinic,Science and tech,Publisher,Gaming,Politician,Cause,Graphic Designer,Property,Digital creator,DJ,Hospital,Musician/Band,Pet Store,Artist,Event Planner"
Mark54,male,10/31/1984,nwilson@example.org,https://www.watson.com/wp-content/tags/postslogin.php,"Property,Photographer,Artist,Cause,Pet Store,DJ,Publisher,Science and tech,Politician,Musician/Band,Government organisation,Event Planner,Software company,Dentist,Video creator,Institute"
Carlos55,male,07/11/1911,pwhite@example.net,http://www.lucero.com/app/search/appsearch.php,"Digital creator,Software company,Event Planner,Gaming,Entertainer,Science and tech,Clinic,Property,Politician,Photographer,Doctor,Video creator,Government organisation,Cause,Hospital,Publisher,Dentist"
Regina56,female,11/08/1921,samantha53@example.org,http://english.net/search/mainfaq.html,"Clinic,Musician/Band,Video creator,Artist,Digital creator,Event Planner,Gaming,Software company,Government organisation,Dentist,Photographer,Entertainer,Graphic Designer,Property,Hospital,Cause,Institute,DJ,Doctor,Publisher"
Stephanie57,female,02/19/2018,daniel14@example.net,http://randolph.com/posts/category/searchcategory.asp,"Artist,Hospital,Science and tech,Publisher,Government organisation,Gaming,Doctor"
Kyle58,male,08/08/1992,vmiller@example.org,https://www.mitchell.com/appregister.html,"Institute,Software company,Pet Store,Gaming,Video creator"
Michael59,female,09/16/1945,shannon57@example.org,http://www.olson-jones.biz/posts/main/tagssearch.htm,"Politician,Musician/Band,Hospital,Property,Government organisation,Graphic Designer,DJ,Video creator,Entertainer,Digital creator,Photographer,Event Planner,Doctor,Institute,Dentist,Pet Store,Publisher,Artist,Software company"
Richard60,male,02/02/2015,jaredgriffith@example.net,https://black.org/main/blog/wp-contenthome.html,"Politician,Entertainer,Hospital,Photographer,Property"
Julian61,male,04/08/2004,monicabartlett@example.com,https://www.carter.com/category/app/searchhomepage.asp,"DJ,Pet Store,Politician,Institute,Photographer,Artist,Publisher,Hospital,Event Planner,Cause,Clinic,Gaming,Software company,Doctor,Video creator,Entertainer,Property,Digital creator,Dentist"
Erika62,female,04/29/1926,nsimpson@example.org,https://nguyen-wright.com/blog/tagterms.asp,"Government organisation,Musician/Band,Artist,Clinic,Institute,Software company,Video creator,Dentist,Event Planner,Gaming,Doctor,Science and tech,Cause,Publisher,Property,Graphic Designer,Digital creator"
Sharon63,female,10/20/1995,anthony59@example.net,https://www.simpson.net/tag/postsauthor.php,"Video creator,Cause,Photographer,Musician/Band,Entertainer,Graphic Designer"
Lance64,male,08/06/1980,robertcole@example.org,http://thomas.com/tags/category/appterms.htm,"Graphic Designer,Institute,Dentist,Pet Store,Science and tech,Property,Photographer,Publisher,Doctor,Government organisation,Digital creator"
Cheryl65,male,06/27/1952,valenciamatthew@example.org,https://www.mccormick.com/app/explore/categoryabout.html,"Government organisation,Entertainer,Cause,Graphic Designer,Politician,Property,Hospital,DJ,Gaming"
Paul66,male,06/22/1989,jwilson@example.com,https://butler.com/mainabout.jsp,"Science and tech,Dentist,Entertainer,Graphic Designer,Pet Store,Event Planner,Politician,Digital creator,Publisher,Institute,Software company,Gaming,Artist,Photographer,Doctor,Hospital,Clinic,Video creator,Musician/Band"
Samantha67,male,10/30/2017,bradley96@example.org,http://www.ball.org/category/search/categoryauthor.php,"Musician/Band,Video creator,Science and tech,Politician,Digital creator,Software company,Institute,Doctor,Publisher,Entertainer,Event Planner,Gaming,Photographer,Property,Pet Store,DJ,Dentist,Graphic Designer"
Daniel68,female,08/24/1994,charleslopez@example.net,http://www.moore-sharp.com/appprivacy.html,"Science and tech,Dentist,Artist,DJ,Cause,Graphic Designer,Hospital"
Tyler69,female,09/17/2005,greermichael@example.com,http://www.brooks.com/exploreauthor.html,"Institute,Clinic,Dentist,Politician,Software company,Graphic Designer,Photographer,Government organisation,Digital creator,Gaming,Doctor,Cause"
Amber70,female,01/03/1965,tyler33@example.com,https://morris.org/category/main/tagterms.html,"Dentist,Doctor,DJ,Politician,Cause,Photographer,Artist,Entertainer,Musician/Band,Pet Store,Graphic Designer,Institute,Event Planner,Digital creator,Science and tech,Property,Gaming"
Joseph71,female,10/15/2001,jnewman@example.com,http://www.olson-washington.com/categories/blogmain.htm,"Institute,Clinic,Photographer,Publisher,Cause,Software company,Pet Store,Science and tech,DJ,Hospital,Dentist,Politician,Doctor,Property,Video creator,Government organisation,Digital creator,Event Planner,Graphic Designer,Artist"
Susan72,male,02/12/1963,kerredward@example.net,http://www.chavez-hartman.biz/listlogin.php,"Digital creator,Musician/Band,Cause,Publisher,Politician,Video creator,Software company,Institute,Dentist"
Ruben73,female,06/18/1996,patrickpaul@example.com,http://www.jackson-castillo.com/categoriescategory.php,"Doctor,DJ,Graphic Designer,Pet Store,Dentist,Event Planner,Artist,Video creator,Science and tech,Hospital,Government organisation,Software company,Photographer"
Charles74,female,10/21/1913,smithjoseph@example.org,https://www.sanchez.com/category/search/exploreregister.html,"Institute,Dentist,Video creator,Pet Store,Clinic,Cause,Artist,Software company,Entertainer,Gaming,Digital creator,DJ,Doctor,Event Planner,Photographer,Politician,Musician/Band,Property,Hospital,Science and tech"
Ellen75,male,09/29/1908,yjohns@example.com,http://wilson.biz/searchhome.asp,"Clinic,Doctor,Entertainer,Video creator,Politician,Musician/Band,Publisher,Property,Pet Store,Gaming,Government organisation"
John76,male,08/26/1933,xfox@example.org,http://rowland.com/tagprivacy.asp,"Government organisation,Pet Store,Software company,Video creator,Musician/Band,Dentist,Doctor,Publisher,Institute,Photographer,Cause,Gaming,Entertainer,Artist"
Michael77,female,02/14/1920,cindy66@example.com,https://www.diaz-willis.com/listauthor.jsp,"Institute,Politician,DJ,Hospital,Event Planner,Science and tech,Dentist,Doctor"
Barbara78,male,03/18/2005,garrett45@example.org,https://www.murphy.com/mainfaq.php,"Artist,Politician,Gaming,Publisher,Pet Store,Science and tech,Musician/Band,DJ,Software company,Event Planner,Doctor,Entertainer,Dentist,Photographer,Video creator"
Daniel79,female,08/08/1925,oelliott@example.org,http://www.floyd.com/explorehome.htm,"Clinic,Artist,Photographer,Musician/Band,Hospital,Gaming,Doctor,Institute,Entertainer,Graphic Designer,Property,Pet Store,Publisher,Event Planner,Software company"
Joanna80,female,09/15/2007,stephanie87@example.org,https://www.rodriguez.com/tagcategory.html,"Photographer,Video creator,Clinic,Event Planner,Artist"
Caitlyn81,female,10/19/2017,pmills@example.net,https://www.hubbard.com/mainhome.html,"Cause,Institute,Digital creator,Publisher,Government organisation,Graphic Designer,Dentist,Event Planner,Property,Artist,Photographer,Science and tech,DJ,Hospital,Clinic"
Robin82,male,03/14/1996,jesus17@example.com,http://www.dunn.com/blog/apphomepage.htm,"DJ,Doctor,Software company,Artist,Event Planner,Hospital,Digital creator,Pet Store,Publisher,Photographer,Dentist,Government organisation"
James83,female,10/14/1908,kendra85@example.com,http://arroyo-williams.info/tags/search/appterms.html,"Artist,Doctor,Cause,Property,Video creator,Institute,DJ,Politician,Entertainer,Software company,Science and tech,Graphic Designer,Digital creator,Event Planner"
Roy84,male,12/04/1993,obrienmichelle@example.net,http://poole.com/tag/main/appsearch.html,"Entertainer,Graphic Designer,DJ,Cause,Politician,Doctor,Hospital,Property,Musician/Band,Photographer,Software company,Event Planner,Digital creator,Publisher,Pet Store,Government organisation,Gaming,Clinic,Institute"
Evan85,male,09/24/1985,mcdanieljustin@example.net,https://www.murphy-andrews.com/wp-content/categoriescategory.jsp,"Gaming,Digital creator,Photographer,Doctor,Cause,DJ,Publisher,Science and tech,Politician,Musician/Band,Graphic Designer,Property"
Justin86,female,04/05/1945,josephcrawford@example.net,https://www.zamora-adams.com/categories/wp-contentprivacy.php,"Dentist,Hospital,Software company,Politician,Publisher,Photographer,Artist,Doctor,Clinic,Digital creator,Video creator,Entertainer,Cause,Graphic Designer,Event Planner,Science and tech,Property"
Bonnie87,female,12/07/2013,tjohns@example.com,http://green.com/appcategory.asp,"Artist,Publisher,Photographer,Science and tech,Doctor,Musician/Band,Government organisation,Gaming,Software company,Dentist,Property,Graphic Designer,Hospital,Politician,DJ,Cause,Video creator"
Jared88,female,05/06/1958,vkelly@example.org,http://cruz.com/tags/wp-content/tagfaq.php,"Cause,Institute,Digital creator,DJ,Entertainer,Graphic Designer,Musician/Band,Photographer,Hospital,Pet Store,Software company,Dentist,Gaming,Clinic,Publisher,Property"
Shelley89,female,07/28/1908,julie16@example.org,http://www.fernandez-hines.net/list/wp-content/categoryhomepage.html,"DJ,Hospital,Digital creator,Science and tech,Institute,Artist,Cause"
David90,male,06/12/1955,yperez@example.com,http://hernandez.com/main/tags/apphome.htm,"Clinic,Dentist,Property,Software company,Graphic Designer"
James91,female,08/03/1928,spitts@example.org,https://www.horn.net/tag/tagsmain.html,"Gaming,Software company,Pet Store,Event Planner,Digital creator,Dentist,Government organisation,Hospital,Publisher,Politician,Doctor,Musician/Band,DJ,Cause,Clinic,Property,Artist,Institute,Entertainer"
Sean92,female,11/10/1991,kmoses@example.com,https://spencer.com/explore/appauthor.jsp,"Clinic,Science and tech,Cause,Dentist,Software company,Graphic Designer,Politician,Publisher,Artist,Government organisation,Hospital,Gaming,Institute,Entertainer,Pet Store,Video creator,Doctor,Property,DJ"
Jason93,male,03/20/2016,brian56@example.org,http://bishop.biz/posts/tags/appsearch.jsp,"Software company,Government organisation,Event Planner,Cause,Institute,Hospital,Pet Store,Graphic Designer,Politician,Clinic,DJ,Dentist,Video creator,Doctor,Gaming,Publisher,Science and tech,Artist,Photographer"
Kathryn94,male,12/04/1913,susanguerrero@example.net,http://king-ingram.net/tagshome.htm,"Event Planner,Cause,Artist,Gaming,Politician,Property,Graphic Designer,Video creator,Doctor"
Brittany95,female,04/02/1996,lisashelton@example.net,http://www.sutton.net/categoriesfaq.htm,"Gaming,Dentist,Publisher,Entertainer,Software company,Digital creator,Cause,Politician,Event Planner,Graphic Designer,Video creator,DJ,Property,Doctor,Science and tech,Artist,Clinic,Institute"
Daniel96,female,02/10/1936,garnercraig@example.net,http://www.powers-fox.com/tags/tagsindex.html,"Graphic Designer,Institute,Politician,Pet Store,Dentist,Photographer,Artist,Entertainer,Publisher,Video creator,Doctor"
James97,female,03/09/1956,stephen12@example.net,https://www.green.com/list/posts/categorieslogin.php,"Publisher,Doctor,Cause,Science and tech,Institute,Musician/Band,Graphic Designer,Hospital,Dentist,Property,Entertainer,Event Planner,DJ,Software company,Government organisation"
Anthony98,male,02/21/1993,corey70@example.net,https://www.phillips.com/explore/searchhome.php,"Event Planner,Graphic Designer,Photographer,Property,Artist,Cause,Clinic,Science and tech,Institute,Software company,Musician/Band,Pet Store"
Kayla99,female,01/15/1957,jennifer09@example.com,http://jones-grant.com/postspost.html,"Institute,Property,Clinic,Digital creator,Photographer,Gaming,Government organisation,Politician,Software company,Hospital,Graphic Designer,Musician/Band,Video creator"
Michael100,male,07/19/1989,howetanya@example.net,http://brown.com/tags/app/appterms.htm,"Entertainer,Politician,DJ,Clinic,Institute,Software company,Cause,Pet Store,Hospital,Graphic Designer,Publisher,Government organisation,Doctor,Science and tech,Property,Gaming,Digital creator"
